path,original_bytes,original_sha256,preservation
.gitignore,577,3b9018f968e545b9605a40ce525113d51d4487ce01ddf8a3ef32012dfe89cd2b,preserve unchanged
assets/glowwise_display.png,4023049,9bcdd111ca739bf177d043de85b2734fff74a2dc62107f6ae2156a7bd0380272,preserve unchanged
assets/glowwise_display_bg_removed.png,644676,26d5f44e0b22da58707e885253182854cc13cd353ab91121804dbcb6cf8a7dd4,preserve unchanged
assets/glowwise_display_bg_removed.svg,6707,e82fb36c5e32492bbda534a7f76a409397dc69803fec85d4595d30f5eab50bf7,preserve unchanged
assets/Glowwise_logo.png,253538,5fb4d17d96ac27fd90a357539ac7b6381c40c130f0ddda8d75f480a432f52d49,preserve unchanged
assets/Glowwise_logo_bg_removed.png,119891,92469a420274f56ff338df7114e83e334f0414741f73252808a21313c47f0e75,preserve unchanged
assets/Glowwise_logo_bg_removed.svg,11329,e0d04d395fab12934deccf9844299a79cf620e0de734e0aa83dc77d35246d61e,preserve unchanged
Documentation/Deployment/CODEX_BUILD_AND_DEPLOY_PROMPTS.md,28857,445a42f47edda12a17c865a3befd1ab076fed17de221e19a5409c79d24d952af,preserve unchanged
Documentation/Deployment/Readiness_2026-10-09.md,6759,1ec03cd3c532702f975386c8b3330ad64ef703f4709139b5350222bd35e849e7,preserve unchanged
Documentation/Milestone 1/01_Niche_Target_Audience_and_SEO_Problem_Identification.md,20389,97fab8e5d019ef06a7eb2c3325472f69e0d1889ee822f6f6e269694c126877b1,preserve unchanged
Documentation/Milestone 1/02_Keyword_Research_LSI_and_Search_Intent_Mapping.md,28033,64beed57841690b10d26655bcddb1960cfcc174f0423f73088b673f36f3de9d7,preserve unchanged
Documentation/Milestone 1/03_Competitor_Analysis_and_SERP_Breakdown.md,44170,ad555f654bceabb9754c666c11934b0bc3ab71ac1432c71a1aac520b0f63a9b3,preserve unchanged
Documentation/Milestone 1/04_Keyword_to_Page_and_Content_Mapping.md,46578,145738143538d78547d464ce10f93c0836e772469dbe8443ed68b0e6a20429cd,preserve unchanged
Documentation/References/Milestone 1/01 Niche Audience SEO Problem/01-bain-2026-gen-z-audience.jpg,109826,77dc834206e43c7fc328aa0bc4ba45d157c73874f4e12b4fe24f5735745e868c,preserve unchanged
Documentation/References/Milestone 1/01 Niche Audience SEO Problem/02-niq-ingredient-price-transparency.jpg,84935,73749f4bf209af7fbff005bb33d2f5fee47229663a5ae6e061ce838b97785d4b,preserve unchanged
Documentation/References/Milestone 1/01 Niche Audience SEO Problem/03-google-search-sponsored-and-overview.jpg,93854,e3358fedf2aee8a9b878283f52eb5da071d3877a7dece1115da9fe0278a87567,preserve unchanged
Documentation/References/Milestone 1/01 Niche Audience SEO Problem/04-google-search-organic-formats.jpg,69453,0a66b0a5069d09e6c0ba3821b5a471fa53405065dc727c2600668d8ceeb0319f,preserve unchanged
Documentation/References/Milestone 1/01 Niche Audience SEO Problem/05-nykaa-budget-category-price-table.jpg,70656,bfb0a4c6678afa910cd1c709d0fcaae73fcd33467f7392ef5d9f8f62f9e57af4,preserve unchanged
Documentation/References/Milestone 1/01 Niche Audience SEO Problem/Evidence_Index.md,5902,c4fd4daa660c6d5b8722c950855703568e176ba07527a4307d1cb4111d2f83fc,preserve unchanged
Documentation/References/Milestone 1/02 Keyword Research Intent Mapping/01-semrush-shampoo-overview.jpg,97263,c25984a37157485325fdf3e619155edd88055aae8c537d4f914e909948cc17e5,preserve unchanged
Documentation/References/Milestone 1/02 Keyword Research Intent Mapping/02-semrush-shampoo-variations.jpg,102665,c1396f440a1f958625e1ebfa97e69b07eabe6af571ec3e0cf6f50ab969451507,preserve unchanged
Documentation/References/Milestone 1/02 Keyword Research Intent Mapping/03-ubersuggest-perfume-overview.jpg,99385,a103b8c6f37c7e287bc12f4f819e78f6fa31ae4698405f1628451f88736b753e,preserve unchanged
Documentation/References/Milestone 1/02 Keyword Research Intent Mapping/04-semrush-beard-comparison.jpg,89954,0c620befb41a7965fbc768c0c11c99ceae62ae2b64530d09c58516f19d83f852,preserve unchanged
Documentation/References/Milestone 1/02 Keyword Research Intent Mapping/05-semrush-trimmer-overview.jpg,92566,09f2d25d23cfecfc492c6972f1f5467a6b41d5c24d56a7dbba9e67899cf8faef,preserve unchanged
Documentation/References/Milestone 1/02 Keyword Research Intent Mapping/06-semrush-trimmer-variations.jpg,98491,c64f6bc7e67753ab17d4421f8f2fbbc8bb61dcc6ae60e9c2b618dae40c037484,preserve unchanged
Documentation/References/Milestone 1/02 Keyword Research Intent Mapping/07-semrush-sunscreen-budget-data-gap.jpg,84137,cd4b5d8fd845e786b1afbbae5a6b03d8778b0b97629b1afa16558cba754ede36,preserve unchanged
Documentation/References/Milestone 1/02 Keyword Research Intent Mapping/08-semrush-body-lotion-overview.jpg,95510,1cd71faf76608cc8b51e82e630f5b1cc7d9cda753694240505981a470eb434a4,preserve unchanged
Documentation/References/Milestone 1/02 Keyword Research Intent Mapping/09-semrush-body-lotion-variations.jpg,102784,a83288e5090e808e81e69788dbec764090f29efa257b6350ad825823484cecc9,preserve unchanged
Documentation/References/Milestone 1/02 Keyword Research Intent Mapping/10-semrush-face-wash-overview.jpg,96741,fcd11744c3e3780969d9e7ff292b3d1bc979cb1ed2a7cb6354486678bd3b57ec,preserve unchanged
Documentation/References/Milestone 1/02 Keyword Research Intent Mapping/11-semrush-face-wash-variations.jpg,102555,b24fbbaa5f52591405aaf44a8ef9527f2be99cb24f38a9c8f6d4942fcd291e2f,preserve unchanged
Documentation/References/Milestone 1/02 Keyword Research Intent Mapping/12-semrush-sunscreen-overview.jpg,96291,401f20eb4fce650c0a264171d91d10d4294761b1333617784444d69c7245e69d,preserve unchanged
Documentation/References/Milestone 1/02 Keyword Research Intent Mapping/13-semrush-sunscreen-variations.jpg,102091,60256567d58e6e49a34e44c175eb5df088c4f5de6cedae37103ec7aea24c246c,preserve unchanged
Documentation/References/Milestone 1/02 Keyword Research Intent Mapping/14-semrush-beard-benefits.jpg,95240,3192248921d60a5e797d8a56e921423f71e72b414e0f3b127e61dc7919bd2f4c,preserve unchanged
Documentation/References/Milestone 1/02 Keyword Research Intent Mapping/15-google-shampoo-retail-and-video-intent.jpg,79162,26e57a75707a85e716f4fc46bb0513c5ff3540d745547066fbdb9c131837b0cd,preserve unchanged
Documentation/References/Milestone 1/02 Keyword Research Intent Mapping/16-google-shampoo-questions-and-guides.jpg,65920,2e228002d0478fca9e973a3630ca9a19e93c5e298676443d3ad9bd9dff587049,preserve unchanged
Documentation/References/Milestone 1/02 Keyword Research Intent Mapping/17-semrush-perfume-overview.jpg,94837,49f55906219f7602e77b1a96ee0d262134754dec9620e3b58c499ed87d592e75,preserve unchanged
Documentation/References/Milestone 1/02 Keyword Research Intent Mapping/18-semrush-perfume-variations.jpg,88072,c6b14d34460ddd18d64a9698fe8d10cc0e4e45d0cbc3eef76b261535220af04d,preserve unchanged
Documentation/References/Milestone 1/02 Keyword Research Intent Mapping/Evidence_Index.md,11507,3a3059fce9c2eee8ab581c9287ea97dfcd1516920ea8e1e3e409a826d71faa4d,preserve unchanged
Documentation/References/Milestone 1/02 Keyword Research Intent Mapping/keywordtool-01-sunscreen.json,9644,98e2549e7d38a18dd9859d4a005596cc3bfb8fd8291acebaf4a202867e3fc87f,preserve unchanged
Documentation/References/Milestone 1/02 Keyword Research Intent Mapping/keywordtool-02-body-lotion.json,6355,2fb25ebfef215ff534dfe6ab0df3bdb95f63bcd8d44992b2c2139e6b8be43211,preserve unchanged
Documentation/References/Milestone 1/02 Keyword Research Intent Mapping/keywordtool-03-perfume.json,5480,36435b209c7c12822bb93fc828e37cd6536fa50870dd81c3f49b4fc0895e732b,preserve unchanged
Documentation/References/Milestone 1/02 Keyword Research Intent Mapping/keywordtool-04-trimmer.json,5205,7a27e960d3eae75e9a00bbcf12330b01a99c6b60e20ba34f97ec073ab0d4a5bc,preserve unchanged
Documentation/References/Milestone 1/02 Keyword Research Intent Mapping/keywordtool-05-hair.json,5700,8b7c97e1902b02ee6d1f66b61a20065e118d1d19d721470725b8ec6dfab8f2e0,preserve unchanged
Documentation/References/Milestone 1/02 Keyword Research Intent Mapping/keywordtool-06-beard.json,5171,431d43cdfb3c316ff576075883da0b5c1a9843f0cf92e08f734b2b27b86ac9d0,preserve unchanged
Documentation/References/Milestone 1/02 Keyword Research Intent Mapping/keywordtool-07-sensitive-skin.json,6469,6a9bb6752bfdae8e2136afc7faccfaddc485c109e6370f03452ce617b0fbbb24,preserve unchanged
Documentation/References/Milestone 1/02 Keyword Research Intent Mapping/semrush-01-shampoo-report.txt,2086,618cf54581c30aab9c05681c77c4ce44a0871c85c49946596ace5c308e6e1963,preserve unchanged
Documentation/References/Milestone 1/02 Keyword Research Intent Mapping/semrush-02-beard-report.txt,1296,8fa1df19fb3b78cb5bf868beeb3bdf9a01c0b65f25cb9babef6b4d1b42138b96,preserve unchanged
Documentation/References/Milestone 1/02 Keyword Research Intent Mapping/semrush-03-trimmer-report.txt,1791,9bbabdb2b04bed5bc6418f6ba60ea2b33fbbb239d60973728d5123be56f3a0d9,preserve unchanged
Documentation/References/Milestone 1/02 Keyword Research Intent Mapping/semrush-04-sunscreen-budget-report.txt,964,dbf543a826d53b3b1533ba0c9dd84ef1a36e570d76bd8709c76efc760b6c3726,preserve unchanged
Documentation/References/Milestone 1/02 Keyword Research Intent Mapping/semrush-05-body-lotion-report.txt,2055,93f81d68398fdfa440b66d2df4a259ade11993d2a5622d7ef99c1af28fc382fc,preserve unchanged
Documentation/References/Milestone 1/02 Keyword Research Intent Mapping/semrush-06-face-wash-report.txt,2079,319222d75b8bd51d389441fdbb9beead0f550eefad480c2ab15d4c93e0456ea6,preserve unchanged
Documentation/References/Milestone 1/02 Keyword Research Intent Mapping/semrush-07-sunscreen-report.txt,2046,6e14a49ae4c91a5d7d02cf1979510da47ff610f44df2ce11ecd518f9de994bb4,preserve unchanged
Documentation/References/Milestone 1/02 Keyword Research Intent Mapping/semrush-08-beard-benefits-report.txt,1641,44c17cd250babaa781f448b8888b935ce1feffdb44274d1af02dbb387af04d80,preserve unchanged
Documentation/References/Milestone 1/02 Keyword Research Intent Mapping/semrush-09-perfume-report.txt,1499,140941dafcee288a3a835bef87fe9ab3df194e479f5ba098d2a80c431146cd70,preserve unchanged
Documentation/References/Milestone 1/02 Keyword Research Intent Mapping/ubersuggest-01-seed-suggestions.json,17022,43b41abf63821aff1bac93751271d36d4caae1eccdb33e1976482dbcbf0b56f6,preserve unchanged
Documentation/References/Milestone 1/02 Keyword Research Intent Mapping/ubersuggest-02-perfume-match.json,9614,16ec74df3b9359946220b483378820c89380eeb1af2b8db465dabb6e9f9f919d,preserve unchanged
Documentation/References/Milestone 1/02 Keyword Research Intent Mapping/ubersuggest-03-body-lotion-overview.json,749,1dd4f7a1c9fecdd3bb723478d20546c17badc21bec6580e58bcfc8c4fcadaf8f,preserve unchanged
Documentation/References/Milestone 1/02 Keyword Research Intent Mapping/ubersuggest-04-autocomplete.json,92406,dd744ac0fc6fc07af1ceafa35eec87eeb2a9a2f4782bdd53e6f4ecad85ae262c,preserve unchanged
Documentation/References/Milestone 1/03 Competitor Analysis SERP Breakdown/01-semrush-smytten-overview.jpg,100705,83ed4969924ba57329e2fb9641c89d1bd2e71ab7903c09ea6d4d0b3f8b3fd722,preserve unchanged
Documentation/References/Milestone 1/03 Competitor Analysis SERP Breakdown/02-google-sunscreen-paa.jpg,67493,2776aa672b6565606b207d82d5a4f10ab6fa1ca41a82d50dab0681c75625ec94,preserve unchanged
Documentation/References/Milestone 1/03 Competitor Analysis SERP Breakdown/03-semrush-nykaa-keywords.jpg,75917,61cdace3b7c48c290d28ef651f31e510d36b4ff198c989546b10cbbaa94e27d5,preserve unchanged
Documentation/References/Milestone 1/03 Competitor Analysis SERP Breakdown/04-semrush-nykaa-backlinks.jpg,87980,ab196d50f55c3f2705f8e78abb38ae145863d355b1dc0ba75d16659ae3262698,preserve unchanged
Documentation/References/Milestone 1/03 Competitor Analysis SERP Breakdown/05-semrush-smytten-keywords.jpg,76907,b2732bab00c1a176eee9eaab96c8860998bfa94e019a24ee292f14faf0af804b,preserve unchanged
Documentation/References/Milestone 1/03 Competitor Analysis SERP Breakdown/06-semrush-smytten-backlinks.jpg,82059,fa7bd747859a511b2f307f903b21f6bad7591ec086e3a49653bab1888aad4bd6,preserve unchanged
Documentation/References/Milestone 1/03 Competitor Analysis SERP Breakdown/ahrefs_access.json,587,5bc68146d46efe9f05c4bc94baf6860e4317c10368be007d76170c2889dae6e2,preserve unchanged
Documentation/References/Milestone 1/03 Competitor Analysis SERP Breakdown/backlink-sample-nykaa.json,583,d803cd8bb893e49458f95596877ee898dad47742b3034db1cf6930d4d74784e5,preserve unchanged
Documentation/References/Milestone 1/03 Competitor Analysis SERP Breakdown/backlink-sample-smytten.json,496,27cfb977804b1426577af336532313eebffe3e585e0aeefde1f6d275c14f540e,preserve unchanged
Documentation/References/Milestone 1/03 Competitor Analysis SERP Breakdown/comparison-metadata.json,872,7e8f5373c02e482db02a087965862b5767fd8e002335858dfccb9a47c4920d93,preserve unchanged
Documentation/References/Milestone 1/03 Competitor Analysis SERP Breakdown/competitorflow.json,561,4f3e2388d2299e5e76f2c24c32bfff5a72cfdc1e55472e45803f980f610a8f33,preserve unchanged
Documentation/References/Milestone 1/03 Competitor Analysis SERP Breakdown/Evidence_Index.md,12215,7fef3db3c532de3e68c2df31b510f187b2863bd4f3eb7aec500d205003173e0f,preserve unchanged
Documentation/References/Milestone 1/03 Competitor Analysis SERP Breakdown/google-beard-results.json,4970,256032835dfe386984d1bbf6284a04cac2af9dbb2029ce030291de1bd5452cdb,preserve unchanged
Documentation/References/Milestone 1/03 Competitor Analysis SERP Breakdown/google-body-lotion-results.json,2016,3328f2043a2238fbdcba685f59390d6accf5de277529ef5bdedcfc737ec0b2ce,preserve unchanged
Documentation/References/Milestone 1/03 Competitor Analysis SERP Breakdown/google-perfume-organic-links.json,1727,1d1565c8fa8c1b717951aa7ed006334903830a152fa418eb12ae36fad82d334c,preserve unchanged
Documentation/References/Milestone 1/03 Competitor Analysis SERP Breakdown/google-sensitive-skin-results.json,1881,886f40a33c93a5a15c705a062c23f93bb49dc8eb9097bd105712065b953e01f9,preserve unchanged
Documentation/References/Milestone 1/03 Competitor Analysis SERP Breakdown/google-shampoo-results.json,7261,95b99561c23539c49f7dea7f25ec9007be9e290b3550c6a4acd61eeb45359d54,preserve unchanged
Documentation/References/Milestone 1/03 Competitor Analysis SERP Breakdown/google-sunscreen-results.json,4725,a6006b9dcbb70e921717f79dc8356d6dd1277a856e5d5c2ef37a5424b9ed70c2,preserve unchanged
Documentation/References/Milestone 1/03 Competitor Analysis SERP Breakdown/google-trimmer-results.json,2037,0fbfcce8bc67babc1f522ef1bb33aa3b25f17f2d9b558c56f9861e447199e8b2,preserve unchanged
Documentation/References/Milestone 1/03 Competitor Analysis SERP Breakdown/live-serp-register.json,12906,c8ecd9994056e21415914587fb9cb7f48f82afffb3bfe4f0001414517cbded6c,preserve unchanged
Documentation/References/Milestone 1/03 Competitor Analysis SERP Breakdown/nykaa_overview.json,655,d756708fb126d8286eed97faca5f230610f0b683b66a4abb33136798c6cf36f2,preserve unchanged
Documentation/References/Milestone 1/03 Competitor Analysis SERP Breakdown/page-01-smytten-shampoo.json,10536,1094ec1d5b65ddc8038f7f66b011a0ca54f196c6a4ae293c0780da359c3fa23c,preserve unchanged
Documentation/References/Milestone 1/03 Competitor Analysis SERP Breakdown/page-02-nykaa-body-lotion.json,3976,5099b5dbf34b6556246db3dfe3347a2bbfe41e5d40a1af1d30f879670c52f60c,preserve unchanged
Documentation/References/Milestone 1/03 Competitor Analysis SERP Breakdown/page-03-deyga-sunscreen.json,17037,d16f36982299f2113e3e9b75f9f464af04aed5a004841e98f69d1900c6aad19e,preserve unchanged
Documentation/References/Milestone 1/03 Competitor Analysis SERP Breakdown/page-04-gillette-beard.json,4406,04bebf259e1a3f057638176ecf759e670e66c9a1f5b6d7309b25a2323974b4f1,preserve unchanged
Documentation/References/Milestone 1/03 Competitor Analysis SERP Breakdown/page-05-mensxp-perfume.json,6502,b046b0e19691da33f48d6154bfaf8a9a810b3083e1079d9c49ebe5aa0528e053,preserve unchanged
Documentation/References/Milestone 1/03 Competitor Analysis SERP Breakdown/page-06-nykaa-editorial-body-lotion.json,10465,9f7e4a2b6323f80bf88dc400065c1ade4be9e52eafe771b17bf3b738933060c8,preserve unchanged
Documentation/References/Milestone 1/03 Competitor Analysis SERP Breakdown/semrush-public-nykaa.txt,10099,47234dfd698e1850392ed9775383717b591c6cabf01dfc67723197e40342d84f,preserve unchanged
Documentation/References/Milestone 1/03 Competitor Analysis SERP Breakdown/semrush-public-smytten.txt,9370,167c305bc2f52cb214d2196f14b26241e451fa2ea37769f0a7a91f2f82b4baf7,preserve unchanged
Documentation/References/Milestone 1/03 Competitor Analysis SERP Breakdown/semrush-smytten-keywords-unusable.txt,1628,a29eec2c87861086f612b0a07e33694dba38f53ce752a49b85e5e4648fb4bc70,preserve unchanged
Documentation/References/Milestone 1/03 Competitor Analysis SERP Breakdown/semrush-smytten-overview.txt,1821,3a81f1d40a95665f059873b9bacf9c62bc27a2a53a5931219a5806c61036f1bd,preserve unchanged
Documentation/References/Milestone 1/03 Competitor Analysis SERP Breakdown/serpstat_credits.json,641,1bfcd54cba5edb65a86bd8a79513a49579109edaf7c9e5e21cc6dbaabba2506f,preserve unchanged
Documentation/References/Milestone 1/03 Competitor Analysis SERP Breakdown/shampoo_serp.json,11184,a36ef623ffd43302ab352a66042713ed9aad35b6d7d51667c564cfbd68968844,preserve unchanged
Documentation/References/Milestone 1/03 Competitor Analysis SERP Breakdown/smytten_overview.json,655,d756708fb126d8286eed97faca5f230610f0b683b66a4abb33136798c6cf36f2,preserve unchanged
Documentation/References/Milestone 1/04 Keyword Page Content Mapping/ahrefs-gsc-keywords-schema.json,3902,0b86371a512430cfc82d72d652139ec761afa15742d25e2ca9e6d1b3753e3985,preserve unchanged
Documentation/References/Milestone 1/04 Keyword Page Content Mapping/Evidence_Index.md,9583,76899c6d5e995c2a263a16280d6f8d3fcb80351e62d8d3bb98239a4125e54fb6,preserve unchanged
Documentation/References/Milestone 1/04 Keyword Page Content Mapping/gsc-wizard-discovery.json,3267,226c60cab5fcca564aad6589f464ba319e825b165922a07ebc45925939f5f714,preserve unchanged
Documentation/References/Milestone 1/04 Keyword Page Content Mapping/Keyword_Ownership.csv,4422,399e5ca0b3854a7ad76e0ffa8899ab0b66105195fede2b059ab89fe8ee760566,preserve unchanged
Documentation/References/Milestone 1/04 Keyword Page Content Mapping/semrush-access.json,1021,3c55f6adb85e7fcce6175b051a1db143f0d53850bf1eff8ebf7a1ca43c6ee9dc,preserve unchanged
Documentation/References/Milestone 1/04 Keyword Page Content Mapping/ubersuggest-method-search.json,3267,4fb98fd98e7ecb97427755842530e84be25e753c9e4e8ea93638ab7728f6efa8,preserve unchanged
GLOWWISE_SOURCE_OF_TRUTH.md,25113,913910ec739f261e7364d2835f138dd2b3dfda49ba66657f2495b97446ecbd96,authorized v1.1 amendment; private v1.0 retained
milestone_1/Milestone1  someparts temporary.md,29665,0138c1cd8ef713bee3346bdf39b3f7079d6efb5b18370f733da8f5b530b651e9,preserve unchanged
Reference/Milestone 1 and 2 details with reference material links.md,1063,abfa59d51ff3129507d5817a4f984039af0153e2c1bc63211006659754c2fca1,preserve unchanged
Reference/Mini-Project Handbook.docx,919894,84687271a4e38be642d2f64ed82dac326db01ad604ebbd19059ba41bf9c0f027,preserve unchanged
Reference/SEO prof notes.md,10714,9ecb78ab518dd52c3ee82b7973339730501010a9b44cbe35998115858617f2f2,preserve unchanged
