slug,canonical,brand,category,pack,INR,availability,checked,exactDestination,imageRights
minimalist-light-fluid-spf-50,https://glowwise.tech/products/minimalist-light-fluid-spf-50/,Minimalist,skincare,30ml,314.0,Listed for purchase; delivery depends on location,2026-10-10,https://beminimalist.co/products/light-fluid-spf-50-sunscreen?variant=45875483115681,Unresolved exact-product photograph rights; disclosed text fallback
minimalist-light-fluid-spf-50,https://glowwise.tech/products/minimalist-light-fluid-spf-50/,Minimalist,skincare,50ml,449.0,Listed for purchase; delivery depends on location,2026-10-10,https://beminimalist.co/products/light-fluid-spf-50-sunscreen?variant=45875483082913,Unresolved exact-product photograph rights; disclosed text fallback
minimalist-light-fluid-spf-50,https://glowwise.tech/products/minimalist-light-fluid-spf-50/,Minimalist,skincare,100ml,809.0,Out of stock at the source on 10 October 2026; displayed price is a reference,2026-10-10,https://beminimalist.co/products/light-fluid-spf-50-sunscreen?variant=45880101503137,Unresolved exact-product photograph rights; disclosed text fallback
minimalist-spf-50,https://glowwise.tech/products/minimalist-spf-50/,Minimalist,skincare,50g,359.0,Listed for purchase; delivery depends on location,2026-10-10,https://beminimalist.co/products/multi-vitamin-spf-50?variant=44802368405665,Unresolved exact-product photograph rights; disclosed text fallback
minimalist-spf-50,https://glowwise.tech/products/minimalist-spf-50/,Minimalist,skincare,100g,629.0,Listed for purchase; delivery depends on location,2026-10-10,https://beminimalist.co/products/multi-vitamin-spf-50?variant=44802368438433,Unresolved exact-product photograph rights; disclosed text fallback
minimalist-spf-50,https://glowwise.tech/products/minimalist-spf-50/,Minimalist,skincare,30g,224.0,Listed for purchase; delivery depends on location,2026-10-10,https://beminimalist.co/products/multi-vitamin-spf-50?variant=46656572817569,Unresolved exact-product photograph rights; disclosed text fallback
minimalist-spf-60,https://glowwise.tech/products/minimalist-spf-60/,Minimalist,skincare,50 g,539.0,Listed for purchase; delivery depends on location,2026-10-10,https://beminimalist.co/products/spf-60-silymarin?variant=40946129305761,Unresolved exact-product photograph rights; disclosed text fallback
plum-green-tea-zinc-spf-50,https://glowwise.tech/products/plum-green-tea-zinc-spf-50/,Plum,skincare,50 g,359.0,Listed for purchase; delivery depends on location,2026-10-10,https://plumgoodness.com/products/green-tea-zinc-super-matte-spf-50-sunscreen-gel-for-oily-acne-prone-skin-copy?variant=45723805614140,Unresolved exact-product photograph rights; disclosed text fallback
plum-green-tea-zinc-spf-50,https://glowwise.tech/products/plum-green-tea-zinc-spf-50/,Plum,skincare,30 g,239.0,Listed for purchase; delivery depends on location,2026-10-10,https://plumgoodness.com/products/green-tea-zinc-super-matte-spf-50-sunscreen-gel-for-oily-acne-prone-skin-copy?variant=45723805646908,Unresolved exact-product photograph rights; disclosed text fallback
plum-rice-water-spf-50,https://glowwise.tech/products/plum-rice-water-spf-50/,Plum,skincare,80 g,504.0,Listed for purchase; delivery depends on location,2026-10-10,https://plumgoodness.com/products/plum-2-niacinamide-rice-water-spf-50-pa-sunscreen-reduces-blemishes-brightens-skin-protects-from-uva-uvb-rays-fragrance-free-all-skin-types-100-vegan?variant=42448989782076,Licensed exact 50 g outer-carton photograph only
plum-rice-water-spf-50,https://glowwise.tech/products/plum-rice-water-spf-50/,Plum,skincare,50 g,336.0,Listed for purchase; delivery depends on location,2026-10-10,https://plumgoodness.com/products/plum-2-niacinamide-rice-water-spf-50-pa-sunscreen-reduces-blemishes-brightens-skin-protects-from-uva-uvb-rays-fragrance-free-all-skin-types-100-vegan?variant=42448989749308,Licensed exact 50 g outer-carton photograph only
plum-rice-water-spf-50,https://glowwise.tech/products/plum-rice-water-spf-50/,Plum,skincare,30 g,239.0,Listed for purchase; delivery depends on location,2026-10-10,https://plumgoodness.com/products/plum-2-niacinamide-rice-water-spf-50-pa-sunscreen-reduces-blemishes-brightens-skin-protects-from-uva-uvb-rays-fragrance-free-all-skin-types-100-vegan?variant=45687389519932,Licensed exact 50 g outer-carton photograph only
plum-sheer-tinted-spf-50,https://glowwise.tech/products/plum-sheer-tinted-spf-50/,Plum,skincare,50 g,499.0,Listed for purchase; delivery depends on location,2026-10-10,https://plumgoodness.com/products/3-niacinamide-rice-water-spf-50-sheer-tinted-sunscreen-50-g?variant=43525413929020,Unresolved exact-product photograph rights; disclosed text fallback
minimalist-b12-oat-cleanser,https://glowwise.tech/products/minimalist-b12-oat-cleanser/,Minimalist,skincare,120ml,269.0,Listed for purchase; delivery depends on location,2026-10-10,https://beminimalist.co/products/oat-extract-06-gentle-cleanser?variant=45220519280801,Unresolved exact-product photograph rights; disclosed text fallback
minimalist-aquaporin-cleanser,https://glowwise.tech/products/minimalist-aquaporin-cleanser/,Minimalist,skincare,100 ml,269.0,Listed for purchase; delivery depends on location,2026-10-10,https://beminimalist.co/products/aquaporin-booster-05-cleanser?variant=41870498136225,Unresolved exact-product photograph rights; disclosed text fallback
minimalist-salicylic-lha-cleanser,https://glowwise.tech/products/minimalist-salicylic-lha-cleanser/,Minimalist,skincare,100ml,269.0,Listed for purchase; delivery depends on location,2026-10-10,https://beminimalist.co/products/salicylic-lha-2-cleanser?variant=44802351136929,Unresolved exact-product photograph rights; disclosed text fallback
minimalist-salicylic-lha-cleanser,https://glowwise.tech/products/minimalist-salicylic-lha-cleanser/,Minimalist,skincare,250ml,539.0,Listed for purchase; delivery depends on location,2026-10-10,https://beminimalist.co/products/salicylic-lha-2-cleanser?variant=44802351169697,Unresolved exact-product photograph rights; disclosed text fallback
plum-rice-water-face-wash,https://glowwise.tech/products/plum-rice-water-face-wash/,Plum,skincare,150 ml,316.0,Listed for purchase; delivery depends on location,2026-10-10,https://plumgoodness.com/products/2-niacinamide-rice-water-face-wash?variant=43758248296508,Unresolved exact-product photograph rights; disclosed text fallback
plum-rice-water-face-wash,https://glowwise.tech/products/plum-rice-water-face-wash/,Plum,skincare,100 ml,252.0,Listed for purchase; delivery depends on location,2026-10-10,https://plumgoodness.com/products/2-niacinamide-rice-water-face-wash?variant=43758248329276,Unresolved exact-product photograph rights; disclosed text fallback
minimalist-hydrating-factors-shampoo,https://glowwise.tech/products/minimalist-hydrating-factors-shampoo/,Minimalist,haircare,250 ml,449.0,Listed for purchase; delivery depends on location,2026-10-10,https://beminimalist.co/products/hydrating-factors-7-3-hair-shampoo?variant=45928068317345,Unresolved exact-product photograph rights; disclosed text fallback
minimalist-maleic-shampoo,https://glowwise.tech/products/minimalist-maleic-shampoo/,Minimalist,haircare,100 ml,198.0,Listed for purchase; delivery depends on location,2026-10-10,https://beminimalist.co/products/maleic-bond-repair-complex-3-5-shampoo?variant=46445505675425,Unresolved exact-product photograph rights; disclosed text fallback
minimalist-maleic-shampoo,https://glowwise.tech/products/minimalist-maleic-shampoo/,Minimalist,haircare,250 ml,473.0,Listed for purchase; delivery depends on location,2026-10-10,https://beminimalist.co/products/maleic-bond-repair-complex-3-5-shampoo?variant=46445505708193,Unresolved exact-product photograph rights; disclosed text fallback
plum-coconut-peptides-shampoo,https://glowwise.tech/products/plum-coconut-peptides-shampoo/,Plum,haircare,250 ml,276.0,Listed for purchase; delivery depends on location,2026-10-10,https://plumgoodness.com/products/coconut-milk-peptides-strength-shine-shampoo?variant=42231068786748,Unresolved exact-product photograph rights; disclosed text fallback
plum-coconut-peptides-shampoo,https://glowwise.tech/products/plum-coconut-peptides-shampoo/,Plum,haircare,500 ml,464.0,Listed for purchase; delivery depends on location,2026-10-10,https://plumgoodness.com/products/coconut-milk-peptides-strength-shine-shampoo?variant=45773539901500,Unresolved exact-product photograph rights; disclosed text fallback
plum-coconut-peptides-shampoo,https://glowwise.tech/products/plum-coconut-peptides-shampoo/,Plum,haircare,750 ml,645.0,Listed for purchase; delivery depends on location,2026-10-10,https://plumgoodness.com/products/coconut-milk-peptides-strength-shine-shampoo?variant=45715828604988,Unresolved exact-product photograph rights; disclosed text fallback
plum-avocado-argan-shampoo,https://glowwise.tech/products/plum-avocado-argan-shampoo/,Plum,haircare,250 ml,356.0,Listed for purchase; delivery depends on location,2026-10-10,https://plumgoodness.com/products/avocado-argan-frizz-control-shampoo-copy?variant=41623335829564,Unresolved exact-product photograph rights; disclosed text fallback
plum-anti-dandruff-shampoo,https://glowwise.tech/products/plum-anti-dandruff-shampoo/,Plum,haircare,500 ml,679.0,Listed for purchase; delivery depends on location,2026-10-10,https://plumgoodness.com/products/anti-dandruff-shampoo-with-volcanic-minerals-0-5-salicylic-acid?variant=45715585269820,Unresolved exact-product photograph rights; disclosed text fallback
plum-anti-dandruff-shampoo,https://glowwise.tech/products/plum-anti-dandruff-shampoo/,Plum,haircare,250 ml,319.0,Listed for purchase; delivery depends on location,2026-10-10,https://plumgoodness.com/products/anti-dandruff-shampoo-with-volcanic-minerals-0-5-salicylic-acid?variant=45715585302588,Unresolved exact-product photograph rights; disclosed text fallback
plum-anti-dandruff-shampoo,https://glowwise.tech/products/plum-anti-dandruff-shampoo/,Plum,haircare,100 ml,176.0,Listed for purchase; delivery depends on location,2026-10-10,https://plumgoodness.com/products/anti-dandruff-shampoo-with-volcanic-minerals-0-5-salicylic-acid?variant=45715585335356,Unresolved exact-product photograph rights; disclosed text fallback
beardo-no-nonsense-shampoo,https://glowwise.tech/products/beardo-no-nonsense-shampoo/,Beardo,haircare,200ml,299.0,Listed for purchase; delivery depends on location,2026-10-10,https://beardo.in/products/beardo-no-nonsense-shampoo-200ml?variant=48678720536884,Unresolved exact-product photograph rights; disclosed text fallback
minimalist-niacinamide-body-lotion,https://glowwise.tech/products/minimalist-niacinamide-body-lotion/,Minimalist,bodycare,180 g,269.0,Listed for purchase; delivery depends on location,2026-10-10,https://beminimalist.co/products/niacinamide-05-body-lotion?variant=41824805519521,Unresolved exact-product photograph rights; disclosed text fallback
plum-vanilla-caramello-lotion,https://glowwise.tech/products/plum-vanilla-caramello-lotion/,Plum,bodycare,400 ml,385.0,Listed for purchase; delivery depends on location,2026-10-10,https://plumgoodness.com/products/plum-bodylovin-vanilla-caramello-body-lotion?variant=45695379177532,Unresolved exact-product photograph rights; disclosed text fallback
plum-vanilla-caramello-lotion,https://glowwise.tech/products/plum-vanilla-caramello-lotion/,Plum,bodycare,200 ml,239.0,Out of stock at the source on 10 October 2026; displayed price is a reference,2026-10-10,https://plumgoodness.com/products/plum-bodylovin-vanilla-caramello-body-lotion?variant=45695379210300,Unresolved exact-product photograph rights; disclosed text fallback
plum-vanilla-vibes-lotion,https://glowwise.tech/products/plum-vanilla-vibes-lotion/,Plum,bodycare,400 ml,436.0,Listed for purchase; delivery depends on location,2026-10-10,https://plumgoodness.com/products/vanilla-vibes-body-lotion-by-bodylovin?variant=45560998821948,Unresolved exact-product photograph rights; disclosed text fallback
plum-hawaiian-rumba-lotion,https://glowwise.tech/products/plum-hawaiian-rumba-lotion/,Plum,bodycare,400 ml,420.0,Listed for purchase; delivery depends on location,2026-10-10,https://plumgoodness.com/products/hawaiian-rumba-body-lotion-by-bodylovin?variant=45560998789180,Unresolved exact-product photograph rights; disclosed text fallback
plum-tropic-lotion,https://glowwise.tech/products/plum-tropic-lotion/,Plum,bodycare,400 ml,396.0,Listed for purchase; delivery depends on location,2026-10-10,https://plumgoodness.com/products/tropic-of-discussion-body-lotion-by-plum-bodylovin?variant=44164693491772,Unresolved exact-product photograph rights; disclosed text fallback
plum-hazelnut-lotion,https://glowwise.tech/products/plum-hazelnut-lotion/,Plum,bodycare,400 ml,396.0,Listed for purchase; delivery depends on location,2026-10-10,https://plumgoodness.com/products/hazelnut-eclair-body-lotion-by-plum-bodylovin?variant=43540180271164,Unresolved exact-product photograph rights; disclosed text fallback
beardo-godfather-oil,https://glowwise.tech/products/beardo-godfather-oil/,Beardo,beard-grooming,30ml,299.0,Listed for purchase; delivery depends on location,2026-10-10,https://beardo.in/products/beardo-godfather-beard-oil?variant=44872228438324,Unresolved exact-product photograph rights; disclosed text fallback
beardo-beard-hair-oil,https://glowwise.tech/products/beardo-beard-hair-oil/,Beardo,beard-grooming,50 ml,499.0,Listed for purchase; delivery depends on location,2026-10-10,https://beardo.in/products/beardo-beard-and-hair-growth-oil?variant=44769418707252,Unresolved exact-product photograph rights; disclosed text fallback
skinn-raw-20ml,https://glowwise.tech/products/skinn-raw-20ml/,SKINN by Titan,fragrance,20 ml,596,Brand page lists Add to Cart; delivery depends on location,2026-10-10,https://www.skinn.in/product/skinn-by-titan-raw-20-ml-perfume-for-men-edp-nfclm01pd.html,Unresolved exact-product photograph rights; disclosed text fallback
skinn-steele-20ml,https://glowwise.tech/products/skinn-steele-20ml/,SKINN by Titan,fragrance,20 ml,596,Brand page lists Add to Cart; delivery depends on location,2026-10-10,https://www.skinn.in/product/skinn-by-titan-steele-20-ml-perfume-for-men-edp-nfclm02pd.html,Unresolved exact-product photograph rights; disclosed text fallback
skinn-verge-20ml,https://glowwise.tech/products/skinn-verge-20ml/,SKINN by Titan,fragrance,20 ml,556,Out of stock at the brand on 10 October 2026; collection reference price only,2026-10-10,https://www.skinn.in/product/skinn-by-titan-verge-20-ml-perfume-for-men-edp-nfclm03pd.html,Unresolved exact-product photograph rights; disclosed text fallback
skinn-celeste-20ml,https://glowwise.tech/products/skinn-celeste-20ml/,SKINN by Titan,fragrance,20 ml,556,Brand page lists Add to Cart; delivery depends on location,2026-10-10,https://www.skinn.in/product/skinn-by-titan-celeste-20-ml-perfume-for-women-edp-fclw01pd.html,Unresolved exact-product photograph rights; disclosed text fallback
skinn-sheer-20ml,https://glowwise.tech/products/skinn-sheer-20ml/,SKINN by Titan,fragrance,20 ml,556,Brand page lists Add to Cart; delivery depends on location,2026-10-10,https://www.skinn.in/product/skinn-by-titan-sheer-20-ml-perfume-for-women-edp-fclw03pd.html,Unresolved exact-product photograph rights; disclosed text fallback
skinn-nude-20ml,https://glowwise.tech/products/skinn-nude-20ml/,SKINN by Titan,fragrance,20 ml,556,Brand page lists Add to Cart; delivery depends on location,2026-10-10,https://www.skinn.in/product/skinn-by-titan-nude-20-ml-perfume-for-women-edp-fclw02pd.html,Unresolved exact-product photograph rights; disclosed text fallback
vega-power-lite,https://glowwise.tech/products/vega-power-lite/,Vega,grooming-tools,VHTH-38,849.0,Listed for purchase; delivery depends on location,2026-10-10,https://www.vega.co.in/vega-power-lite-beard-trimmer.html,Unresolved exact-product photograph rights; disclosed text fallback
vega-power-p1,https://glowwise.tech/products/vega-power-p1/,Vega,grooming-tools,VHTH-25,1019.0,Listed for purchase; delivery depends on location,2026-10-10,https://www.vega.co.in/vega-power-series-p-1-beard-trimmer.html,Unresolved exact-product photograph rights; disclosed text fallback
vega-smartone-s3,https://glowwise.tech/products/vega-smartone-s3/,Vega,grooming-tools,VHTH-36,1154.0,Listed for purchase; delivery depends on location,2026-10-10,https://www.vega.co.in/vega-smartone-s3-beard-trimmer.html,Unresolved exact-product photograph rights; disclosed text fallback
vega-turboone,https://glowwise.tech/products/vega-turboone/,Vega,grooming-tools,VHTH-40,879.0,Out of stock at the source on 10 October 2026; displayed price is a reference,2026-10-10,https://www.vega.co.in/vega-turboone-beard-trimmer.html,Unresolved exact-product photograph rights; disclosed text fallback
vega-smartone-s2,https://glowwise.tech/products/vega-smartone-s2/,Vega,grooming-tools,VHTH-31,1154.0,Out of stock at the source on 10 October 2026; displayed price is a reference,2026-10-10,https://www.vega.co.in/smartone-series-s2-beard-trimmer.html,Unresolved exact-product photograph rights; disclosed text fallback
vega-turbolite,https://glowwise.tech/products/vega-turbolite/,Vega,grooming-tools,VHTH-41,609.0,Out of stock at the source on 10 October 2026; displayed price is a reference,2026-10-10,https://www.vega.co.in/turbolite-beard-trimmer.html,Unresolved exact-product photograph rights; disclosed text fallback
bombay-beard-roll-on,https://glowwise.tech/products/bombay-beard-roll-on/,Bombay Shaving Company,beard-grooming,10 ml,217.0,Listed for purchase; delivery depends on location,2026-10-10,https://www.bombayshavingcompany.com/products/beard-growth-oil-roll-on-for-men?variant=35813327929498,Unresolved exact-product photograph rights; disclosed text fallback
bombay-onion-beard-oil,https://glowwise.tech/products/bombay-onion-beard-oil/,Bombay Shaving Company,beard-grooming,30 ml,349.0,Listed for purchase; delivery depends on location,2026-10-10,https://www.bombayshavingcompany.com/products/beard-growth-oil-onion?variant=35802777288858,Unresolved exact-product photograph rights; disclosed text fallback
man-company-beard-oil,https://glowwise.tech/products/man-company-beard-oil/,The Man Company,beard-grooming,30 ml,299.0,Listed for purchase; delivery depends on location,2026-10-10,https://www.themancompany.com/products/beard-growth-oil-for-men-30ml?variant=46712235000004,Unresolved exact-product photograph rights; disclosed text fallback
ustraa-woody-beard-oil,https://glowwise.tech/products/ustraa-woody-beard-oil/,Ustraa,beard-grooming,35 ml,217,Listed for purchase; delivery depends on location,2026-10-10,https://www.tirabeauty.com/product/ustraa-woody-mooch--beard-oil-35ml-bvlak7ytzbm,Unresolved exact-product photograph rights; disclosed text fallback
