slug,public_url,brand,default_variant,all_variants,photographed_variants,rights_status,photo_source,licence,credit,rights_checked,facts_checked
beardo-beard-hair-oil,https://glowwise.tech/products/beardo-beard-hair-oil/,Beardo,50 ml,50 ml,,permission_gap,,,,2026-10-10,2026-10-09
beardo-godfather-oil,https://glowwise.tech/products/beardo-godfather-oil/,Beardo,30ml,30ml,,permission_gap,,,,2026-10-10,2026-10-09
beardo-no-nonsense-shampoo,https://glowwise.tech/products/beardo-no-nonsense-shampoo/,Beardo,200ml,200ml,,permission_gap,,,,2026-10-10,2026-10-09
minimalist-aquaporin-cleanser,https://glowwise.tech/products/minimalist-aquaporin-cleanser/,Minimalist,100 ml,100 ml,,permission_gap,,,,2026-10-10,2026-10-09
minimalist-b12-oat-cleanser,https://glowwise.tech/products/minimalist-b12-oat-cleanser/,Minimalist,120ml,120ml,,permission_gap,,,,2026-10-10,2026-10-09
minimalist-hydrating-factors-shampoo,https://glowwise.tech/products/minimalist-hydrating-factors-shampoo/,Minimalist,250 ml,250 ml,,permission_gap,,,,2026-10-10,2026-10-09
minimalist-light-fluid-spf-50,https://glowwise.tech/products/minimalist-light-fluid-spf-50/,Minimalist,30ml,30ml | 50ml | 100ml,,permission_gap,,,,2026-10-10,2026-10-09
minimalist-maleic-shampoo,https://glowwise.tech/products/minimalist-maleic-shampoo/,Minimalist,100 ml,100 ml | 250 ml,,permission_gap,,,,2026-10-10,2026-10-09
minimalist-niacinamide-body-lotion,https://glowwise.tech/products/minimalist-niacinamide-body-lotion/,Minimalist,180 g,180 g,,permission_gap,,,,2026-10-10,2026-10-09
minimalist-salicylic-lha-cleanser,https://glowwise.tech/products/minimalist-salicylic-lha-cleanser/,Minimalist,100ml,100ml | 250ml,,permission_gap,,,,2026-10-10,2026-10-09
minimalist-spf-50,https://glowwise.tech/products/minimalist-spf-50/,Minimalist,50g,50g | 100g | 30g,,permission_gap,,,,2026-10-10,2026-10-09
minimalist-spf-60,https://glowwise.tech/products/minimalist-spf-60/,Minimalist,50 g,50 g,,permission_gap,,,,2026-10-10,2026-10-09
plum-rice-water-face-wash,https://glowwise.tech/products/plum-rice-water-face-wash/,Plum,150 ml,150 ml | 100 ml,,permission_gap,,,,2026-10-10,2026-10-09
plum-rice-water-spf-50,https://glowwise.tech/products/plum-rice-water-spf-50/,Plum,80 g,80 g | 50 g | 30 g,50 g,licensed_exact_variant,https://world.openbeautyfacts.org/cgi/product_image.pl?code=8904430201070&id=front_en,CC BY-SA 3.0 · resized,Photo: abhi127 / Open Beauty Facts,2026-10-10,2026-10-09
plum-sheer-tinted-spf-50,https://glowwise.tech/products/plum-sheer-tinted-spf-50/,Plum,50 g,50 g,,permission_gap,,,,2026-10-10,2026-10-09
plum-anti-dandruff-shampoo,https://glowwise.tech/products/plum-anti-dandruff-shampoo/,Plum,500 ml,500 ml | 250 ml | 100 ml,,permission_gap,,,,2026-10-10,2026-10-09
plum-avocado-argan-shampoo,https://glowwise.tech/products/plum-avocado-argan-shampoo/,Plum,250 ml,250 ml,,permission_gap,,,,2026-10-10,2026-10-09
plum-hawaiian-rumba-lotion,https://glowwise.tech/products/plum-hawaiian-rumba-lotion/,Plum,400 ml,400 ml,,permission_gap,,,,2026-10-10,2026-10-09
plum-hazelnut-lotion,https://glowwise.tech/products/plum-hazelnut-lotion/,Plum,400 ml,400 ml,,permission_gap,,,,2026-10-10,2026-10-09
plum-tropic-lotion,https://glowwise.tech/products/plum-tropic-lotion/,Plum,400 ml,400 ml,,permission_gap,,,,2026-10-10,2026-10-09
plum-vanilla-caramello-lotion,https://glowwise.tech/products/plum-vanilla-caramello-lotion/,Plum,400 ml,400 ml | 200 ml,,permission_gap,,,,2026-10-10,2026-10-09
plum-vanilla-vibes-lotion,https://glowwise.tech/products/plum-vanilla-vibes-lotion/,Plum,400 ml,400 ml,,permission_gap,,,,2026-10-10,2026-10-09
plum-coconut-peptides-shampoo,https://glowwise.tech/products/plum-coconut-peptides-shampoo/,Plum,250 ml,250 ml | 500 ml | 750 ml,,permission_gap,,,,2026-10-10,2026-10-09
plum-green-tea-zinc-spf-50,https://glowwise.tech/products/plum-green-tea-zinc-spf-50/,Plum,50 g,50 g | 30 g,,permission_gap,,,,2026-10-10,2026-10-09
skinn-celeste-20ml,https://glowwise.tech/products/skinn-celeste-20ml/,SKINN by Titan,20 ml,20 ml,,permission_gap,,,,2026-10-10,2026-10-09
skinn-nude-20ml,https://glowwise.tech/products/skinn-nude-20ml/,SKINN by Titan,20 ml,20 ml,,permission_gap,,,,2026-10-10,2026-10-09
skinn-raw-20ml,https://glowwise.tech/products/skinn-raw-20ml/,SKINN by Titan,20 ml,20 ml,,permission_gap,,,,2026-10-10,2026-10-09
skinn-sheer-20ml,https://glowwise.tech/products/skinn-sheer-20ml/,SKINN by Titan,20 ml,20 ml,,permission_gap,,,,2026-10-10,2026-10-09
skinn-steele-20ml,https://glowwise.tech/products/skinn-steele-20ml/,SKINN by Titan,20 ml,20 ml,,permission_gap,,,,2026-10-10,2026-10-09
skinn-verge-20ml,https://glowwise.tech/products/skinn-verge-20ml/,SKINN by Titan,20 ml,20 ml,,permission_gap,,,,2026-10-10,2026-10-09
vega-power-lite,https://glowwise.tech/products/vega-power-lite/,Vega,VHTH-38,VHTH-38,,permission_gap,,,,2026-10-10,2026-10-09
vega-power-p1,https://glowwise.tech/products/vega-power-p1/,Vega,VHTH-25,VHTH-25,,permission_gap,,,,2026-10-10,2026-10-09
vega-smartone-s2,https://glowwise.tech/products/vega-smartone-s2/,Vega,VHTH-31,VHTH-31,,permission_gap,,,,2026-10-10,2026-10-09
vega-smartone-s3,https://glowwise.tech/products/vega-smartone-s3/,Vega,VHTH-36,VHTH-36,,permission_gap,,,,2026-10-10,2026-10-09
vega-turbolite,https://glowwise.tech/products/vega-turbolite/,Vega,VHTH-41,VHTH-41,,permission_gap,,,,2026-10-10,2026-10-09
vega-turboone,https://glowwise.tech/products/vega-turboone/,Vega,VHTH-40,VHTH-40,,permission_gap,,,,2026-10-10,2026-10-09
