slug,name,category,type,checked_date,observed_UTC,primary_source,price_source,variants,rights,method,url,keyword_owner,publication_status
minimalist-light-fluid-spf-50,Minimalist Light Fluid SPF 50,skincare,sunscreen,2026-10-09,2026-10-09T11:31:52Z,https://beminimalist.co/products/light-fluid-spf-50-sunscreen,https://beminimalist.co/products/light-fluid-spf-50-sunscreen?variant=45875483115681,30ml: INR 314.0 (Listed for purchase; delivery depends on your location); 50ml: INR 449.0 (Listed for purchase; delivery depends on your location); 100ml: INR 809.0 (Listed for purchase; delivery depends on your location),Original non-packaging illustration; retailer photographs not reused,Official store product/variant data; editorial desk research; no hands-on testing,https://glowwise.tech/products/minimalist-light-fluid-spf-50/,Product identity/variant intent; no measured product keyword assigned,publish (native export 2026-10-09T21:37:50+00:00)
minimalist-spf-50,Minimalist SPF 50 Sunscreen,skincare,sunscreen,2026-10-09,2026-10-09T11:31:52Z,https://beminimalist.co/products/multi-vitamin-spf-50,https://beminimalist.co/products/multi-vitamin-spf-50?variant=44802368405665,50g: INR 359.0 (Listed for purchase; delivery depends on your location); 100g: INR 629.0 (Listed for purchase; delivery depends on your location); 30g: INR 224.0 (Listed for purchase; delivery depends on your location),Original non-packaging illustration; retailer photographs not reused,Official store product/variant data; editorial desk research; no hands-on testing,https://glowwise.tech/products/minimalist-spf-50/,Product identity/variant intent; no measured product keyword assigned,publish (native export 2026-10-09T21:37:50+00:00)
minimalist-spf-60,Minimalist SPF 60 Sunscreen,skincare,sunscreen,2026-10-09,2026-10-09T11:31:52Z,https://beminimalist.co/products/spf-60-silymarin,https://beminimalist.co/products/spf-60-silymarin?variant=40946129305761,50 g: INR 539.0 (Listed for purchase; delivery depends on your location),Original non-packaging illustration; retailer photographs not reused,Official store product/variant data; editorial desk research; no hands-on testing,https://glowwise.tech/products/minimalist-spf-60/,Product identity/variant intent; no measured product keyword assigned,publish (native export 2026-10-09T21:37:50+00:00)
plum-green-tea-zinc-spf-50,Plum Green Tea & Zinc SPF 50 Gel,skincare,sunscreen,2026-10-09,2026-10-09T11:31:52Z,https://plumgoodness.com/products/green-tea-zinc-super-matte-spf-50-sunscreen-gel-for-oily-acne-prone-skin-copy,https://plumgoodness.com/products/green-tea-zinc-super-matte-spf-50-sunscreen-gel-for-oily-acne-prone-skin-copy?variant=45723805614140,50 g: INR 359.0 (Listed for purchase; delivery depends on your location); 30 g: INR 239.0 (Listed for purchase; delivery depends on your location),Original non-packaging illustration; retailer photographs not reused,Official store product/variant data; editorial desk research; no hands-on testing,https://glowwise.tech/products/plum-green-tea-zinc-spf-50/,Product identity/variant intent; no measured product keyword assigned,publish (native export 2026-10-09T21:37:50+00:00)
plum-rice-water-spf-50,Plum 2% Niacinamide & Rice Water SPF 50,skincare,sunscreen,2026-10-09,2026-10-09T11:31:52Z,https://plumgoodness.com/products/plum-2-niacinamide-rice-water-spf-50-pa-sunscreen-reduces-blemishes-brightens-skin-protects-from-uva-uvb-rays-fragrance-free-all-skin-types-100-vegan,https://plumgoodness.com/products/plum-2-niacinamide-rice-water-spf-50-pa-sunscreen-reduces-blemishes-brightens-skin-protects-from-uva-uvb-rays-fragrance-free-all-skin-types-100-vegan?variant=42448989782076,80 g: INR 504.0 (Listed for purchase; delivery depends on your location); 50 g: INR 336.0 (Listed for purchase; delivery depends on your location); 30 g: INR 239.0 (Listed for purchase; delivery depends on your location),Original non-packaging illustration; retailer photographs not reused,Official store product/variant data; editorial desk research; no hands-on testing,https://glowwise.tech/products/plum-rice-water-spf-50/,Product identity/variant intent; no measured product keyword assigned,publish (native export 2026-10-09T21:37:50+00:00)
plum-sheer-tinted-spf-50,Plum 3% Niacinamide Sheer-Tinted SPF 50,skincare,sunscreen,2026-10-09,2026-10-09T11:31:52Z,https://plumgoodness.com/products/3-niacinamide-rice-water-spf-50-sheer-tinted-sunscreen-50-g,https://plumgoodness.com/products/3-niacinamide-rice-water-spf-50-sheer-tinted-sunscreen-50-g?variant=43525413929020,50 g: INR 499.0 (Listed for purchase; delivery depends on your location),Original non-packaging illustration; retailer photographs not reused,Official store product/variant data; editorial desk research; no hands-on testing,https://glowwise.tech/products/plum-sheer-tinted-spf-50/,Product identity/variant intent; no measured product keyword assigned,publish (native export 2026-10-09T21:37:50+00:00)
minimalist-b12-oat-cleanser,Minimalist B12 + Oat Extract 6.5% Cleanser,skincare,face-cleanser,2026-10-09,2026-10-09T11:31:52Z,https://beminimalist.co/products/oat-extract-06-gentle-cleanser,https://beminimalist.co/products/oat-extract-06-gentle-cleanser?variant=45220519280801,120ml: INR 269.0 (Listed for purchase; delivery depends on your location),Original non-packaging illustration; retailer photographs not reused,Official store product/variant data; editorial desk research; no hands-on testing,https://glowwise.tech/products/minimalist-b12-oat-cleanser/,Product identity/variant intent; no measured product keyword assigned,publish (native export 2026-10-09T21:37:50+00:00)
minimalist-aquaporin-cleanser,Minimalist Aquaporin Booster 5% Cleanser,skincare,face-cleanser,2026-10-09,2026-10-09T11:31:52Z,https://beminimalist.co/products/aquaporin-booster-05-cleanser,https://beminimalist.co/products/aquaporin-booster-05-cleanser?variant=41870498136225,100 ml: INR 269.0 (Listed for purchase; delivery depends on your location),Original non-packaging illustration; retailer photographs not reused,Official store product/variant data; editorial desk research; no hands-on testing,https://glowwise.tech/products/minimalist-aquaporin-cleanser/,Product identity/variant intent; no measured product keyword assigned,publish (native export 2026-10-09T21:37:50+00:00)
minimalist-salicylic-lha-cleanser,Minimalist Salicylic Acid + LHA 2% Cleanser,skincare,face-cleanser,2026-10-09,2026-10-09T11:31:52Z,https://beminimalist.co/products/salicylic-lha-2-cleanser,https://beminimalist.co/products/salicylic-lha-2-cleanser?variant=44802351136929,100ml: INR 269.0 (Listed for purchase; delivery depends on your location); 250ml: INR 539.0 (Listed for purchase; delivery depends on your location),Original non-packaging illustration; retailer photographs not reused,Official store product/variant data; editorial desk research; no hands-on testing,https://glowwise.tech/products/minimalist-salicylic-lha-cleanser/,Product identity/variant intent; no measured product keyword assigned,publish (native export 2026-10-09T21:37:50+00:00)
plum-rice-water-face-wash,Plum 2% Niacinamide & Rice Water Face Wash,skincare,face-cleanser,2026-10-09,2026-10-09T11:31:52Z,https://plumgoodness.com/products/2-niacinamide-rice-water-face-wash,https://plumgoodness.com/products/2-niacinamide-rice-water-face-wash?variant=43758248296508,150 ml: INR 316.0 (Listed for purchase; delivery depends on your location); 100 ml: INR 252.0 (Listed for purchase; delivery depends on your location),Original non-packaging illustration; retailer photographs not reused,Official store product/variant data; editorial desk research; no hands-on testing,https://glowwise.tech/products/plum-rice-water-face-wash/,Product identity/variant intent; no measured product keyword assigned,publish (native export 2026-10-09T21:37:50+00:00)
minimalist-hydrating-factors-shampoo,Minimalist Hydrating Factors 7.3% Shampoo,haircare,shampoo,2026-10-09,2026-10-09T11:31:52Z,https://beminimalist.co/products/hydrating-factors-7-3-hair-shampoo,https://beminimalist.co/products/hydrating-factors-7-3-hair-shampoo?variant=45928068317345,250 ml: INR 449.0 (Listed for purchase; delivery depends on your location),Original non-packaging illustration; retailer photographs not reused,Official store product/variant data; editorial desk research; no hands-on testing,https://glowwise.tech/products/minimalist-hydrating-factors-shampoo/,Product identity/variant intent; no measured product keyword assigned,publish (native export 2026-10-09T21:37:50+00:00)
minimalist-maleic-shampoo,Minimalist Maleic Bond Repair Complex 3.5% Shampoo,haircare,shampoo,2026-10-09,2026-10-09T11:31:52Z,https://beminimalist.co/products/maleic-bond-repair-complex-3-5-shampoo,https://beminimalist.co/products/maleic-bond-repair-complex-3-5-shampoo?variant=46445505675425,100 ml: INR 198.0 (Listed for purchase; delivery depends on your location); 250 ml: INR 473.0 (Listed for purchase; delivery depends on your location),Original non-packaging illustration; retailer photographs not reused,Official store product/variant data; editorial desk research; no hands-on testing,https://glowwise.tech/products/minimalist-maleic-shampoo/,Product identity/variant intent; no measured product keyword assigned,publish (native export 2026-10-09T21:37:50+00:00)
plum-coconut-peptides-shampoo,Plum Coconut Milk & Peptides Shampoo,haircare,shampoo,2026-10-09,2026-10-09T11:31:52Z,https://plumgoodness.com/products/coconut-milk-peptides-strength-shine-shampoo,https://plumgoodness.com/products/coconut-milk-peptides-strength-shine-shampoo?variant=42231068786748,250 ml: INR 276.0 (Listed for purchase; delivery depends on your location); 500 ml: INR 464.0 (Listed for purchase; delivery depends on your location); 750 ml: INR 645.0 (Listed for purchase; delivery depends on your location),Original non-packaging illustration; retailer photographs not reused,Official store product/variant data; editorial desk research; no hands-on testing,https://glowwise.tech/products/plum-coconut-peptides-shampoo/,Product identity/variant intent; no measured product keyword assigned,publish (native export 2026-10-09T21:37:50+00:00)
plum-avocado-argan-shampoo,Plum Avocado & Argan Frizz Control Shampoo,haircare,shampoo,2026-10-09,2026-10-09T11:31:52Z,https://plumgoodness.com/products/avocado-argan-frizz-control-shampoo-copy,https://plumgoodness.com/products/avocado-argan-frizz-control-shampoo-copy?variant=41623335829564,250 ml: INR 356.0 (Listed for purchase; delivery depends on your location),Original non-packaging illustration; retailer photographs not reused,Official store product/variant data; editorial desk research; no hands-on testing,https://glowwise.tech/products/plum-avocado-argan-shampoo/,Product identity/variant intent; no measured product keyword assigned,publish (native export 2026-10-09T21:37:50+00:00)
plum-anti-dandruff-shampoo,Plum Anti-Dandruff Shampoo with 0.5% Salicylic Acid,haircare,shampoo,2026-10-09,2026-10-09T11:31:52Z,https://plumgoodness.com/products/anti-dandruff-shampoo-with-volcanic-minerals-0-5-salicylic-acid,https://plumgoodness.com/products/anti-dandruff-shampoo-with-volcanic-minerals-0-5-salicylic-acid?variant=45715585269820,500 ml: INR 679.0 (Listed for purchase; delivery depends on your location); 250 ml: INR 319.0 (Listed for purchase; delivery depends on your location); 100 ml: INR 176.0 (Listed for purchase; delivery depends on your location),Original non-packaging illustration; retailer photographs not reused,Official store product/variant data; editorial desk research; no hands-on testing,https://glowwise.tech/products/plum-anti-dandruff-shampoo/,Product identity/variant intent; no measured product keyword assigned,publish (native export 2026-10-09T21:37:50+00:00)
beardo-no-nonsense-shampoo,Beardo No Nonsense Shampoo,haircare,shampoo,2026-10-09,2026-10-09T11:31:52Z,https://beardo.in/products/beardo-no-nonsense-shampoo-200ml,https://beardo.in/products/beardo-no-nonsense-shampoo-200ml?variant=48678720536884,200ml: INR 299.0 (Listed for purchase; delivery depends on your location),Original non-packaging illustration; retailer photographs not reused,Official store product/variant data; editorial desk research; no hands-on testing,https://glowwise.tech/products/beardo-no-nonsense-shampoo/,Product identity/variant intent; no measured product keyword assigned,publish (native export 2026-10-09T21:37:50+00:00)
minimalist-niacinamide-body-lotion,Minimalist Niacinamide 5% Body Lotion,bodycare,body-lotion,2026-10-09,2026-10-09T11:31:52Z,https://beminimalist.co/products/niacinamide-05-body-lotion,https://beminimalist.co/products/niacinamide-05-body-lotion?variant=41824805519521,180 g: INR 269.0 (Listed for purchase; delivery depends on your location),Original non-packaging illustration; retailer photographs not reused,Official store product/variant data; editorial desk research; no hands-on testing,https://glowwise.tech/products/minimalist-niacinamide-body-lotion/,Product identity/variant intent; no measured product keyword assigned,publish (native export 2026-10-09T21:37:50+00:00)
plum-vanilla-caramello-lotion,Plum BodyLovin Vanilla Caramello Lotion,bodycare,body-lotion,2026-10-09,2026-10-09T11:31:52Z,https://plumgoodness.com/products/plum-bodylovin-vanilla-caramello-body-lotion,https://plumgoodness.com/products/plum-bodylovin-vanilla-caramello-body-lotion?variant=45695379177532,400 ml: INR 385.0 (Listed for purchase; delivery depends on your location); 200 ml: INR 239.0 (Out of stock at check),Original non-packaging illustration; retailer photographs not reused,Official store product/variant data; editorial desk research; no hands-on testing,https://glowwise.tech/products/plum-vanilla-caramello-lotion/,Product identity/variant intent; no measured product keyword assigned,publish (native export 2026-10-09T21:37:50+00:00)
plum-vanilla-vibes-lotion,Plum BodyLovin Vanilla Vibes Lotion,bodycare,body-lotion,2026-10-09,2026-10-09T11:31:52Z,https://plumgoodness.com/products/vanilla-vibes-body-lotion-by-bodylovin,https://plumgoodness.com/products/vanilla-vibes-body-lotion-by-bodylovin?variant=45560998821948,400 ml: INR 436.0 (Listed for purchase; delivery depends on your location),Original non-packaging illustration; retailer photographs not reused,Official store product/variant data; editorial desk research; no hands-on testing,https://glowwise.tech/products/plum-vanilla-vibes-lotion/,Product identity/variant intent; no measured product keyword assigned,publish (native export 2026-10-09T21:37:50+00:00)
plum-hawaiian-rumba-lotion,Plum BodyLovin Hawaiian Rumba Lotion,bodycare,body-lotion,2026-10-09,2026-10-09T11:31:52Z,https://plumgoodness.com/products/hawaiian-rumba-body-lotion-by-bodylovin,https://plumgoodness.com/products/hawaiian-rumba-body-lotion-by-bodylovin?variant=45560998789180,400 ml: INR 420.0 (Listed for purchase; delivery depends on your location),Original non-packaging illustration; retailer photographs not reused,Official store product/variant data; editorial desk research; no hands-on testing,https://glowwise.tech/products/plum-hawaiian-rumba-lotion/,Product identity/variant intent; no measured product keyword assigned,publish (native export 2026-10-09T21:37:50+00:00)
plum-tropic-lotion,Plum BodyLovin Tropic of Discussion Lotion,bodycare,body-lotion,2026-10-09,2026-10-09T11:31:52Z,https://plumgoodness.com/products/tropic-of-discussion-body-lotion-by-plum-bodylovin,https://plumgoodness.com/products/tropic-of-discussion-body-lotion-by-plum-bodylovin?variant=44164693491772,400 ml: INR 396.0 (Listed for purchase; delivery depends on your location),Original non-packaging illustration; retailer photographs not reused,Official store product/variant data; editorial desk research; no hands-on testing,https://glowwise.tech/products/plum-tropic-lotion/,Product identity/variant intent; no measured product keyword assigned,publish (native export 2026-10-09T21:37:50+00:00)
plum-hazelnut-lotion,Plum BodyLovin Hazelnut Eclair Lotion,bodycare,body-lotion,2026-10-09,2026-10-09T11:31:52Z,https://plumgoodness.com/products/hazelnut-eclair-body-lotion-by-plum-bodylovin,https://plumgoodness.com/products/hazelnut-eclair-body-lotion-by-plum-bodylovin?variant=43540180271164,400 ml: INR 396.0 (Listed for purchase; delivery depends on your location),Original non-packaging illustration; retailer photographs not reused,Official store product/variant data; editorial desk research; no hands-on testing,https://glowwise.tech/products/plum-hazelnut-lotion/,Product identity/variant intent; no measured product keyword assigned,publish (native export 2026-10-09T21:37:50+00:00)
beardo-godfather-oil,Beardo Godfather Beard Oil,beard-grooming,beard-oil,2026-10-09,2026-10-09T11:31:52Z,https://beardo.in/products/beardo-godfather-beard-oil,https://beardo.in/products/beardo-godfather-beard-oil?variant=44872228438324,30ml: INR 299.0 (Listed for purchase; delivery depends on your location),Original non-packaging illustration; retailer photographs not reused,Official store product/variant data; editorial desk research; no hands-on testing,https://glowwise.tech/products/beardo-godfather-oil/,Product identity/variant intent; no measured product keyword assigned,publish (native export 2026-10-09T21:37:50+00:00)
beardo-beard-hair-oil,Beardo Beard & Hair Growth Oil,beard-grooming,beard-oil,2026-10-09,2026-10-09T11:31:52Z,https://beardo.in/products/beardo-beard-and-hair-growth-oil,https://beardo.in/products/beardo-beard-and-hair-growth-oil?variant=44769418707252,50 ml: INR 499.0 (Listed for purchase; delivery depends on your location),Original non-packaging illustration; retailer photographs not reused,Official store product/variant data; editorial desk research; no hands-on testing,https://glowwise.tech/products/beardo-beard-hair-oil/,Product identity/variant intent; no measured product keyword assigned,publish (native export 2026-10-09T21:37:50+00:00)
skinn-raw-20ml,SKINN Raw Eau de Parfum,fragrance,eau-de-parfum,2026-10-09,2026-10-09 browser/web observation; exact UTC capture not retained,https://www.skinn.in/product/skinn-by-titan-raw-20-ml-perfume-for-men-edp-nfclm01pd.html,https://www.skinn.in/product/skinn-by-titan-raw-20-ml-perfume-for-men-edp-nfclm01pd.html,20 ml: INR 596 (Listed for purchase; delivery requires a postcode),Original non-packaging illustration; retailer photographs not reused,Official store product/variant data; editorial desk research; no hands-on testing,https://glowwise.tech/products/skinn-raw-20ml/,Product identity/variant intent; no measured product keyword assigned,publish (native export 2026-10-09T21:37:50+00:00)
skinn-steele-20ml,SKINN Steele Eau de Parfum,fragrance,eau-de-parfum,2026-10-09,2026-10-09 browser/web observation; exact UTC capture not retained,https://www.skinn.in/product/skinn-by-titan-steele-20-ml-perfume-for-men-edp-nfclm02pd.html,https://www.skinn.in/product/skinn-by-titan-steele-20-ml-perfume-for-men-edp-nfclm02pd.html,20 ml: INR 596 (Official-store listing; confirm current stock and delivery),Original non-packaging illustration; retailer photographs not reused,Official store product/variant data; editorial desk research; no hands-on testing,https://glowwise.tech/products/skinn-steele-20ml/,Product identity/variant intent; no measured product keyword assigned,publish (native export 2026-10-09T21:37:50+00:00)
skinn-verge-20ml,SKINN Verge Eau de Parfum,fragrance,eau-de-parfum,2026-10-09,2026-10-09 browser/web observation; exact UTC capture not retained,https://www.skinn.in/product/skinn-by-titan-verge-20-ml-perfume-for-men-edp-fclm03pd.html,https://www.skinn.in/product/skinn-by-titan-verge-20-ml-perfume-for-men-edp-fclm03pd.html,20 ml: INR 556 (Out of stock at check),Original non-packaging illustration; retailer photographs not reused,Official store product/variant data; editorial desk research; no hands-on testing,https://glowwise.tech/products/skinn-verge-20ml/,Product identity/variant intent; no measured product keyword assigned,publish (native export 2026-10-09T21:37:50+00:00)
skinn-celeste-20ml,SKINN Celeste Eau de Parfum,fragrance,eau-de-parfum,2026-10-09,2026-10-09 browser/web observation; exact UTC capture not retained,https://www.skinn.in/product/skinn-by-titan-celeste-20-ml-perfume-for-women-edp-fclw01pd.html,https://www.skinn.in/product/skinn-by-titan-celeste-20-ml-perfume-for-women-edp-fclw01pd.html,20 ml: INR 556 (Official-store listing; confirm current stock and delivery),Original non-packaging illustration; retailer photographs not reused,Official store product/variant data; editorial desk research; no hands-on testing,https://glowwise.tech/products/skinn-celeste-20ml/,Product identity/variant intent; no measured product keyword assigned,publish (native export 2026-10-09T21:37:50+00:00)
skinn-sheer-20ml,SKINN Sheer Eau de Parfum,fragrance,eau-de-parfum,2026-10-09,2026-10-09 browser/web observation; exact UTC capture not retained,https://www.skinn.in/product/skinn-by-titan-sheer-20-ml-perfume-for-women-edp-fclw03pd.html,https://www.skinn.in/product/skinn-by-titan-sheer-20-ml-perfume-for-women-edp-fclw03pd.html,20 ml: INR 556 (Official-store listing; confirm current stock and delivery),Original non-packaging illustration; retailer photographs not reused,Official store product/variant data; editorial desk research; no hands-on testing,https://glowwise.tech/products/skinn-sheer-20ml/,Product identity/variant intent; no measured product keyword assigned,publish (native export 2026-10-09T21:37:50+00:00)
skinn-nude-20ml,SKINN Nude Eau de Parfum,fragrance,eau-de-parfum,2026-10-09,2026-10-09 browser/web observation; exact UTC capture not retained,https://www.skinn.in/product/skinn-by-titan-nude-20-ml-perfume-for-women-edp-fclw02pd.html,https://www.skinn.in/product/skinn-by-titan-nude-20-ml-perfume-for-women-edp-fclw02pd.html,20 ml: INR 556 (Official-store listing; confirm current stock and delivery),Original non-packaging illustration; retailer photographs not reused,Official store product/variant data; editorial desk research; no hands-on testing,https://glowwise.tech/products/skinn-nude-20ml/,Product identity/variant intent; no measured product keyword assigned,publish (native export 2026-10-09T21:37:50+00:00)
vega-power-lite,Vega Power Lite Beard Trimmer,grooming-tools,beard-trimmer,2026-10-09,2026-10-09 browser/web observation; exact UTC capture not retained,https://www.vega.co.in/vega-power-lite-beard-trimmer.html,https://www.vega.co.in/vega-power-lite-beard-trimmer.html,VHTH-38: INR 849 (Listed for purchase),Original non-packaging illustration; retailer photographs not reused,Official store product/variant data; editorial desk research; no hands-on testing,https://glowwise.tech/products/vega-power-lite/,Product identity/variant intent; no measured product keyword assigned,publish (native export 2026-10-09T21:37:50+00:00)
vega-power-p1,Vega Power Series P1 Beard Trimmer,grooming-tools,beard-trimmer,2026-10-09,2026-10-09 browser/web observation; exact UTC capture not retained,https://www.vega.co.in/vega-power-series-p-1-beard-trimmer.html,https://www.vega.co.in/vega-power-series-p-1-beard-trimmer.html,VHTH-25: INR 1019 (Listed for purchase),Original non-packaging illustration; retailer photographs not reused,Official store product/variant data; editorial desk research; no hands-on testing,https://glowwise.tech/products/vega-power-p1/,Product identity/variant intent; no measured product keyword assigned,publish (native export 2026-10-09T21:37:50+00:00)
vega-smartone-s3,Vega Smartone S3 Beard Trimmer,grooming-tools,beard-trimmer,2026-10-09,2026-10-09 browser/web observation; exact UTC capture not retained,https://www.vega.co.in/vega-smartone-s3-beard-trimmer.html,https://www.vega.co.in/vega-smartone-s3-beard-trimmer.html,VHTH-36: INR 1154 (Listed for purchase),Original non-packaging illustration; retailer photographs not reused,Official store product/variant data; editorial desk research; no hands-on testing,https://glowwise.tech/products/vega-smartone-s3/,Product identity/variant intent; no measured product keyword assigned,publish (native export 2026-10-09T21:37:50+00:00)
vega-turboone,Vega Turboone Beard Trimmer,grooming-tools,beard-trimmer,2026-10-09,2026-10-09 browser/web observation; exact UTC capture not retained,https://www.vega.co.in/vega-turboone-beard-trimmer.html,https://www.vega.co.in/vega-turboone-beard-trimmer.html,VHTH-40: INR 879 (Out of stock at check),Original non-packaging illustration; retailer photographs not reused,Official store product/variant data; editorial desk research; no hands-on testing,https://glowwise.tech/products/vega-turboone/,Product identity/variant intent; no measured product keyword assigned,publish (native export 2026-10-09T21:37:50+00:00)
vega-smartone-s2,Vega Smartone S2 Beard Trimmer,grooming-tools,beard-trimmer,2026-10-09,2026-10-09 browser/web observation; exact UTC capture not retained,https://www.vega.co.in/smartone-series-s2-beard-trimmer.html,https://www.vega.co.in/smartone-series-s2-beard-trimmer.html,VHTH-31: INR 1154 (Out of stock at check),Original non-packaging illustration; retailer photographs not reused,Official store product/variant data; editorial desk research; no hands-on testing,https://glowwise.tech/products/vega-smartone-s2/,Product identity/variant intent; no measured product keyword assigned,publish (native export 2026-10-09T21:37:50+00:00)
vega-turbolite,Vega Turbolite Beard Trimmer,grooming-tools,beard-trimmer,2026-10-09,2026-10-09 browser/web observation; exact UTC capture not retained,https://www.vega.co.in/turbolite-beard-trimmer.html,https://www.vega.co.in/turbolite-beard-trimmer.html,VHTH-41: INR 609 (Out of stock at check),Original non-packaging illustration; retailer photographs not reused,Official store product/variant data; editorial desk research; no hands-on testing,https://glowwise.tech/products/vega-turbolite/,Product identity/variant intent; no measured product keyword assigned,publish (native export 2026-10-09T21:37:50+00:00)
